Stage,Date,Distance,Origin,Destination,Type,Winner,Winner_Country
1,2017-07-01,14,Düsseldorf,Düsseldorf,Individual time trial,Geraint Thomas,GBR
2,2017-07-02,203.5,Düsseldorf,Liège,Flat stage,Marcel Kittel,GER
3,2017-07-03,212.5,Verviers,Longwy,Medium mountain stage,Peter Sagan,SVK
4,2017-07-04,207.5,Mondorf-les-Bains,Vittel,Flat stage,Arnaud Démare,FRA
5,2017-07-05,160.5,Vittel,La Planche des Belles Filles,Medium mountain stage,Fabio Aru,ITA
6,2017-07-06,216,Vesoul,Troyes,Flat stage,Marcel Kittel,GER
7,2017-07-07,213.5,Troyes,Nuits-Saint-Georges,Flat stage,Marcel Kittel,GER
8,2017-07-08,187.5,Dole,Station des Rousses,Medium mountain stage,Lilian Calmejane,FRA
9,2017-07-09,181.5,Nantua,Chambéry,High mountain stage,Rigoberto Urán,COL
10,2017-07-11,178,Périgueux,Bergerac,Flat stage,Marcel Kittel,GER
11,2017-07-12,203.5,Eymet,Pau,Flat stage,Marcel Kittel,GER
12,2017-07-13,214.5,Pau,Peyragudes,High mountain stage,Romain Bardet,FRA
13,2017-07-14,101,Saint-Girons,Foix,High mountain stage,Warren Barguil,FRA
14,2017-07-15,181.5,Blagnac,Rodez,Medium mountain stage,Michael Matthews,AUS
15,2017-07-16,189.5,Laissac-Sévérac-l'Église,Le Puy-en-Velay,Medium mountain stage,Bauke Mollema,NED
16,2017-07-18,165,Le Puy-en-Velay,Romans-sur-Isère,Medium mountain stage,Michael Matthews,AUS
17,2017-07-19,183,La Mure,Serre Chevalier,High mountain stage,Primož Roglič,SLO
18,2017-07-20,179.5,Briançon,Col d'Izoard,High mountain stage,Warren Barguil,FRA
19,2017-07-21,222.5,Embrun,Salon-de-Provence,Flat stage,Edvald Boasson Hagen,NOR
20,2017-07-22,22.5,Marseille,Marseille,Individual time trial,Maciej Bodnar,POL
21,2017-07-23,103,Montgeron,Paris,Flat stage,Dylan Groenewegen,NED
1,2016-07-02,188,Mont Saint-Michel,Utah Beach,Flat stage,Mark Cavendish,GBR
2,2016-07-03,183,Saint-Lô,Cherbourg-en-Cotentin,Flat stage,Peter Sagan,SVK
3,2016-07-04,223.5,Granville,Angers,Flat stage,Mark Cavendish,GBR
4,2016-07-05,237.5,Saumur,Limoges,Flat stage,Marcel Kittel,GER
5,2016-07-06,216,Limoges,Le Lioran,Medium mountain stage,Greg Van Avermaet,BEL
6,2016-07-07,190.5,Arpajon-sur-Cère,Montauban,Flat stage,Mark Cavendish,GBR
7,2016-07-08,162.5,L'Isle-Jourdain,Lac de Payolle,Medium mountain stage,Steve Cummings,GBR
8,2016-07-09,184,Pau,Bagnères-de-Luchon,High mountain stage,Chris Froome,GBR
9,2016-07-10,184.5,Vielha Val d'Aran,Andorra-Arcalis,High mountain stage,Tom Dumoulin,NED
10,2016-07-12,197,Escaldes-Engordany,Revel,Medium mountain stage,Michael Matthews,AUS
11,2016-07-13,162.5,Carcassonne,Montpellier,Flat stage,Peter Sagan,SVK
12,2016-07-14,178,Montpellier,Chalet Reynard,High mountain stage,Thomas De Gendt,BEL
13,2016-07-15,37.5,Bourg-Saint-Andéol,La Caverne du Pont-d'Arc,Individual time trial,Tom Dumoulin,NED
14,2016-07-16,208.5,Montélimar,Villars-les-Dombes,Flat stage,Mark Cavendish,GBR
15,2016-07-17,160,Bourg-en-Bresse,Culoz,High mountain stage,Jarlinson Pantano,COL
16,2016-07-18,209,Moirans-en-Montagne,Bern,Flat stage,Peter Sagan,SVK
17,2016-07-20,184.5,Bern,Finhaut-Émosson,High mountain stage,Ilnur Zakarin,RUS
18,2016-07-21,17,Sallanches,Megève,Mountain time trial,Chris Froome,GBR
19,2016-07-22,146,Albertville,Saint Gervais-les-Bains,High mountain stage,Romain Bardet,FRA
20,2016-07-23,146.5,Megève,Morzine,High mountain stage,Ion Izagirre,ESP
21,2016-07-24,113,Chantilly,Paris,Flat stage,André Greipel,GER
1,2015-07-04,13.8,Utrecht,Utrecht,Individual time trial,Rohan Dennis,AUS
2,2015-07-05,166,Utrecht,Zeeland,Flat stage,André Greipel,GER
3,2015-07-06,159.5,Antwerp,Huy,Flat stage,Joaquim Rodríguez,ESP
4,2015-07-07,223.5,Seraing,Cambrai,Medium mountain stage,Tony Martin,GER
5,2015-07-08,189.5,Arras,Amiens,Flat stage,André Greipel,GER
6,2015-07-09,191.5,Abbeville,Le Havre,Flat stage,Zdeněk Štybar,CZE
7,2015-07-10,190.5,Livarot,Fougères,Flat stage,Mark Cavendish,GBR
8,2015-07-11,181.5,Rennes,Mûr-de-Bretagne,Flat stage,Alexis Vuillermoz,FRA
9,2015-07-12,28,Vannes,Plumelec,Team time trial,BMC Racing Team,
10,2015-07-14,167,Tarbes,La Pierre Saint-Martin,High mountain stage,Chris Froome,GBR
11,2015-07-15,188,Pau,Cauterets,High mountain stage,Rafał Majka,POL
12,2015-07-16,195,Lannemezan,Plateau de Beille,High mountain stage,Joaquim Rodríguez,ESP
13,2015-07-17,198.5,Muret,Rodez,Medium mountain stage,Greg Van Avermaet,BEL
14,2015-07-18,178.5,Rodez,Mende,Medium mountain stage,Steve Cummings,GBR
15,2015-07-19,183,Mende,Valence,Medium mountain stage,André Greipel,GER
16,2015-07-20,201,Bourg-de-Péage,Gap,Medium mountain stage,Rubén Plaza Molina,ESP
17,2015-07-22,161,Digne-les-Bains,Pra-Loup,High mountain stage,Simon Geschke,GER
18,2015-07-23,186.5,Gap,Saint-Jean-de-Maurienne,High mountain stage,Romain Bardet,FRA
19,2015-07-24,138,Saint-Jean-de-Maurienne,La Toussuire - Les Sybelles,High mountain stage,Vincenzo Nibali,ITA
20,2015-07-25,110.5,Modane,Alpe d'Huez,High mountain stage,Thibaut Pinot,FRA
21,2015-07-26,109.5,Sèvres,Paris,Flat stage,André Greipel,GER
1,2014-07-05,190.5,Leeds,Harrogate,Flat stage,Marcel Kittel,GER
2,2014-07-06,201,York,Sheffield,Medium mountain stage,Vincenzo Nibali,ITA
3,2014-07-07,155,Cambridge,London,Flat stage,Marcel Kittel,GER
4,2014-07-08,163.5,Le Touquet-Paris-Plage,Lille Metropole,Flat stage,Marcel Kittel,GER
5,2014-07-09,152.5,Ypres,Arenberg Porte du Hainaut,Medium mountain stage,Lars Boom,NED
6,2014-07-10,194,Arras,Reims,Flat stage,André Greipel,GER
7,2014-07-11,234.5,Épernay,Nancy,Flat stage,Matteo Trentin,ITA
8,2014-07-12,161,Tomblaine,Gérardmer La Mauselaine,Medium mountain stage,Blel Kadri,FRA
9,2014-07-13,170,Gérardmer,Mulhouse,Medium mountain stage,Tony Martin,GER
10,2014-07-14,161.5,Mulhouse,La Planche des Belles Filles,High mountain stage,Vincenzo Nibali,ITA
11,2014-07-16,187.5,Besançon,Oyonnax,Medium mountain stage,Tony Gallopin,FRA
12,2014-07-17,185.5,Bourg-en-Bresse,Saint-Étienne,Flat stage,Alexander Kristoff,NOR
13,2014-07-18,197.5,Saint-Étienne,Chamrousse,High mountain stage,Vincenzo Nibali,ITA
14,2014-07-19,177,Grenoble,Risoul,High mountain stage,Rafał Majka,POL
15,2014-07-20,222,Tallard,Nîmes,Flat stage,Alexander Kristoff,NOR
16,2014-07-22,237.5,Carcassonne,Bagnères-de-Luchon,High mountain stage,Michael Rogers,AUS
17,2014-07-23,124.5,Saint-Gaudens,Saint-Lary Pla d’Adet,High mountain stage,Rafał Majka,POL
18,2014-07-24,145.5,Pau,Hautacam,High mountain stage,Vincenzo Nibali,ITA
19,2014-07-25,208.5,Maubourguet Pays du Val d’Adour,Bergerac,Flat stage,Ramūnas Navardauskas,LTU
20,2014-07-26,54,Bergerac,Périgueux,Individual time trial,Tony Martin,GER
21,2014-07-27,137.5,Évry,Paris,Flat stage,Marcel Kittel,GER
1,2013-06-29,213,Porto-Vecchio,Bastia,Flat stage,Marcel Kittel,GER
2,2013-06-30,156,Bastia,Ajaccio,Medium mountain stage,Jan Bakelants,BEL
3,2013-07-01,145.5,Ajaccio,Calvi,Medium mountain stage,Simon Gerrans,AUS
4,2013-07-02,25,Nice,Nice,Team time trial,Orica–GreenEDGE,
5,2013-07-03,228.5,Cagnes-sur-Mer,Marseille,Flat stage,Mark Cavendish,GBR
6,2013-07-04,176.5,Aix-en-Provence,Montpellier,Flat stage,André Greipel,GER
7,2013-07-05,205.5,Montpellier,Albi,Flat stage,Peter Sagan,SVK
8,2013-07-06,195,Castres,Ax 3 Domaines,High mountain stage,Chris Froome,GBR
9,2013-07-07,168.5,Saint-Girons,Bagnères-de-Bigorre,High mountain stage,Dan Martin,IRL
10,2013-07-09,197,Saint-Gildas-des-Bois,Saint-Malo,Flat stage,Marcel Kittel,GER
11,2013-07-10,33,Avranches,Mont Saint-Michel,Individual time trial,Tony Martin,GER
12,2013-07-11,218,Fougères,Tours,Flat stage,Marcel Kittel,GER
13,2013-07-12,173,Tours,Saint-Amand-Montrond,Flat stage,Mark Cavendish,GBR
14,2013-07-13,191,Saint-Pourçain-sur-Sioule,Lyon,Medium mountain stage,Matteo Trentin,ITA
15,2013-07-14,242.5,Givors,Mont Ventoux,High mountain stage,Chris Froome,GBR
16,2013-07-16,168,Vaison-la-Romaine,Gap,High mountain stage,Rui Costa,POR
17,2013-07-17,32,Embrun,Chorges,Individual time trial,Chris Froome,GBR
18,2013-07-18,172.5,Gap,Alpe d'Huez,High mountain stage,Christophe Riblon,FRA
19,2013-07-19,204.5,Le Bourg-d'Oisans,Le Grand-Bornand,High mountain stage,Rui Costa,POR
20,2013-07-20,125,Annecy,Semnoz,High mountain stage,Nairo Quintana,COL
21,2013-07-21,133.5,Versailles,Paris,Flat stage,Marcel Kittel,GER
P,2012-06-30,6.4,Liège,Liège,Individual time trial,Fabian Cancellara,SUI
1,2012-07-01,198,Liège,Seraing,Flat stage,Peter Sagan,SVK
2,2012-07-02,207.5,Visé,Tournai,Flat stage,Mark Cavendish,GBR
3,2012-07-03,197,Orchies,Boulogne-sur-Mer,Medium mountain stage,Peter Sagan,SVK
4,2012-07-04,214.5,Abbeville,Rouen,Flat stage,André Greipel,GER
5,2012-07-05,196.5,Rouen,Saint-Quentin,Flat stage,André Greipel,GER
6,2012-07-06,207.5,Épernay,Metz,Flat stage,Peter Sagan,SVK
7,2012-07-07,199,Tomblaine,La Planche des Belles Filles,Medium mountain stage,Chris Froome,GBR
8,2012-07-08,157.5,Belfort,Porrentruy,Medium mountain stage,Thibaut Pinot,FRA
9,2012-07-09,41.5,Arc-et-Senans,Besançon,Individual time trial,Bradley Wiggins,GBR
10,2012-07-11,194.5,Mâcon,Bellegarde-sur-Valserine,High mountain stage,Thomas Voeckler,FRA
11,2012-07-12,148,Albertville,La Toussuire-Les Sybelles,High mountain stage,Pierre Rolland,FRA
12,2012-07-13,226,Saint-Jean-de-Maurienne,Annonay-Davézieux,Medium mountain stage,David Millar,GBR
13,2012-07-14,217,Saint-Paul-Trois-Châteaux,Cap d'Agde,Flat stage,André Greipel,GER
14,2012-07-15,191,Limoux,Foix,High mountain stage,Luis León Sánchez,ESP
15,2012-07-16,158.5,Samatan,Pau,Flat stage,Pierrick Fédrigo,FRA
16,2012-07-18,197,Pau,Bagnères-de-Luchon,High mountain stage,Thomas Voeckler,FRA
17,2012-07-19,143.5,Bagnères-de-Luchon,Peyragudes,High mountain stage,Alejandro Valverde,ESP
18,2012-07-20,222.5,Blagnac,Brive-la-Gaillarde,Flat stage,Mark Cavendish,GBR
19,2012-07-21,53.5,Bonneval,Chartres,Individual time trial,Bradley Wiggins,GBR
20,2012-07-22,120,Rambouillet,Paris,Flat stage,Mark Cavendish,GBR
1,2011-07-02,191.5,Passage du Gois,Mont des Alouettes,Flat stage,Philippe Gilbert,BEL
2,2011-07-03,23,Les Essarts,Les Essarts,Team time trial,Garmin–Cervélo,
3,2011-07-04,198,Olonne-sur-Mer,Redon,Flat stage,Tyler Farrar,USA
4,2011-07-05,172.5,Lorient,Mûr-de-Bretagne,Flat stage,Cadel Evans,AUS
5,2011-07-06,164.5,Carhaix,Cap Fréhel,Flat stage,Mark Cavendish,GBR
6,2011-07-07,226.5,Dinan,Lisieux,Flat stage,Edvald Boasson Hagen,NOR
7,2011-07-08,218,Le Mans,Châteauroux,Flat stage,Mark Cavendish,GBR
8,2011-07-09,189,Aigurande,Super Besse,Medium mountain stage,Rui Costa,POR
9,2011-07-10,208,Issoire,Saint-Flour,Medium mountain stage,Luis León Sánchez,ESP
10,2011-07-12,158,Aurillac,Carmaux,Flat stage,André Greipel,GER
11,2011-07-13,167.5,Blaye-les-Mines,Lavaur,Flat stage,Mark Cavendish,GBR
12,2011-07-14,211,Cugnaux,Luz Ardiden,High mountain stage,Samuel Sánchez,ESP
13,2011-07-15,152.5,Pau,Lourdes,High mountain stage,Thor Hushovd,NOR
14,2011-07-16,168.5,Saint-Gaudens,Plateau de Beille,High mountain stage,Jelle Vanendert,BEL
15,2011-07-17,192.5,Limoux,Montpellier,Flat stage,Mark Cavendish,GBR
16,2011-07-19,162.5,Saint-Paul-Trois-Châteaux,Gap,Medium mountain stage,Thor Hushovd,NOR
17,2011-07-20,179,Gap,Pinerolo,High mountain stage,Edvald Boasson Hagen,NOR
18,2011-07-21,200.5,Pinerolo,Col du Galibier-Serre Chevalier,High mountain stage,Andy Schleck,LUX
19,2011-07-22,109.5,Modane,Alpe d'Huez,High mountain stage,Pierre Rolland,FRA
20,2011-07-23,42.5,Grenoble,Grenoble,Individual time trial,Tony Martin,GER
21,2011-07-24,95,Créteil,Paris,Flat stage,Mark Cavendish,GBR
P,2010-07-03,8.9,Rotterdam,Rotterdam,Individual time trial,Fabian Cancellara,SUI
1,2010-07-04,223.5,Rotterdam,Brussels,Flat stage,Alessandro Petacchi,ITA
2,2010-07-05,201,Brussels,Spa,Flat stage,Sylvain Chavanel,FRA
3,2010-07-06,213,Wanze,Arenberg Porte du Hainaut,Flat cobblestone stage,Thor Hushovd,NOR
4,2010-07-07,153.5,Cambrai,Reims,Flat stage,Alessandro Petacchi,ITA
5,2010-07-08,187.5,Épernay,Montargis,Flat stage,Mark Cavendish,GBR
6,2010-07-09,227.5,Montargis,Gueugnon,Flat stage,Mark Cavendish,GBR
7,2010-07-10,165.5,Tournus,Station des Rousses,Medium mountain stage,Sylvain Chavanel,FRA
8,2010-07-11,189,Station des Rousses,Morzine-Avoriaz,Mountain stage,Andy Schleck,LUX
9,2010-07-13,204.5,Morzine-Avoriaz,Saint-Jean-de-Maurienne,Mountain stage,Sandy Casar,FRA
10,2010-07-14,179,Chambéry,Gap,Medium mountain stage,Sérgio Paulinho,POR
11,2010-07-15,184.5,Sisteron,Bourg-lès-Valence,Flat stage,Mark Cavendish,GBR
12,2010-07-16,210.5,Bourg-de-Péage,Mende,Medium mountain stage,Joaquim Rodríguez,ESP
13,2010-07-17,196,Rodez,Revel,Flat stage,Alexander Vinokourov,KAZ
14,2010-07-18,184.5,Revel,Ax 3 Domaines,Mountain stage,Christophe Riblon,FRA
15,2010-07-19,187.5,Pamiers,Bagnères-de-Luchon,Mountain stage,Thomas Voeckler,FRA
16,2010-07-20,199.5,Bagnères-de-Luchon,Pau,Mountain stage,Pierrick Fédrigo,FRA
17,2010-07-22,174,Pau,Col du Tourmalet,Mountain stage,Andy Schleck,LUX
18,2010-07-23,198,Salies-de-Béarn,Bordeaux,Flat stage,Mark Cavendish,GBR
19,2010-07-24,52,Bordeaux,Pauillac,Individual time trial,Fabian Cancellara,SUI
20,2010-07-25,102.5,Longjumeau,Paris,Flat stage,Mark Cavendish,GBR
1,2009-07-04,15.5,Monaco,Monaco,Individual time trial,Fabian Cancellara,SUI
2,2009-07-05,187,Monaco,Brignoles,Flat stage,Mark Cavendish,GBR
3,2009-07-06,196.5,Marseille,La Grande-Motte,Flat stage,Mark Cavendish,GBR
4,2009-07-07,39,Montpellier,Montpellier,Team time trial,Astana,
5,2009-07-08,196.5,Cap d'Agde,Perpignan,Flat stage,Thomas Voeckler,FRA
6,2009-07-09,181.5,Girona,Barcelona,Flat stage,Thor Hushovd,NOR
7,2009-07-10,224,Barcelona,Andorra-Arcalis,Mountain stage,Brice Feillu,FRA
8,2009-07-11,176.5,Andorra la Vella,Saint-Girons,Mountain stage,Luis León Sánchez,ESP
9,2009-07-12,160.5,Saint-Gaudens,Tarbes,Mountain stage,Pierrick Fédrigo,FRA
10,2009-07-14,194.5,Limoges,Issoudun,Flat stage,Mark Cavendish,GBR
11,2009-07-15,192,Vatan,Saint-Fargeau,Flat stage,Mark Cavendish,GBR
12,2009-07-16,211.5,Tonnerre,Vittel,Flat stage,Nicki Sørensen,DEN
13,2009-07-17,200,Vittel,Colmar,Medium mountain stage,Heinrich Haussler,GER
14,2009-07-18,199,Colmar,Besançon,Flat stage,Sergei Ivanov,RUS
15,2009-07-19,207.5,Pontarlier,Verbier,Mountain Stage,Alberto Contador,ESP
16,2009-07-21,159,Martigny,Bourg-Saint-Maurice,Mountain Stage,Sandy Casar,FRA
17,2009-07-22,169.5,Bourg-Saint-Maurice,Le Grand-Bornand,Mountain Stage,Fränk Schleck,LUX
18,2009-07-23,40.5,Annecy,Annecy,Individual time trial,Alberto Contador,ESP
19,2009-07-24,178,Bourgoin-Jallieu,Aubenas,Flat stage,Mark Cavendish,GBR
20,2009-07-25,167,Montélimar,Mont Ventoux,Mountain stage,Juan Manuel Gárate,ESP
21,2009-07-26,164,Montereau-Fault-Yonne,Paris,Flat stage,Mark Cavendish,GBR
1,2008-07-05,197.5,Brest,Plumelec,Flat stage,Alejandro Valverde,ESP
2,2008-07-06,164.5,Auray,Saint-Brieuc,Flat stage,Thor Hushovd,NOR
3,2008-07-07,208,Saint-Malo,Nantes,Flat stage,Samuel Dumoulin,FRA
4,2008-07-08,29.5,Cholet,Cholet,Individual time trial,Kim Kirchen,LUX
5,2008-07-09,232,Cholet,Châteauroux,Flat stage,Mark Cavendish,GBR
6,2008-07-10,195.5,Aigurande,Super-Besse Sancy,Transition stage,Alejandro Valverde,ESP
7,2008-07-11,159,Brioude,Aurillac,Transition stage,Luis León Sánchez,ESP
8,2008-07-12,172.5,Figeac,Toulouse,Flat stage,Mark Cavendish,GBR
9,2008-07-13,224,Toulouse,Bagnères-de-Bigorre,Mountain stage,Vladimir Efimkin,RUS
10,2008-07-14,156,Pau,Hautacam,Mountain stage,Juan José Cobo,ESP
11,2008-07-16,167.5,Lannemezan,Foix,Transition stage,Kurt Asle Arvesen,NOR
12,2008-07-17,168.5,Lavelanet,Narbonne,Flat stage,Mark Cavendish,GBR
13,2008-07-18,182,Narbonne,Nîmes,Flat stage,Mark Cavendish,GBR
14,2008-07-19,194.5,Nîmes,Digne-les-Bains,Flat stage,Óscar Freire,ESP
15,2008-07-20,183,Embrun,Prato Nevoso,Mountain stage,Simon Gerrans,AUS
16,2008-07-22,157,Cuneo,Jausiers,Mountain stage,Cyril Dessel,FRA
17,2008-07-23,210.5,Embrun,Alpe d'Huez,Mountain stage,Carlos Sastre,ESP
18,2008-07-24,196.5,Bourg-d'Oisans,Saint-Étienne,Transition stage,Marcus Burghardt,GER
19,2008-07-25,165.5,Roanne,Montluçon,Flat stage,Sylvain Chavanel,FRA
20,2008-07-26,53,Cérilly,Saint-Amand-Montrond,Individual time trial,Fabian Cancellara,SUI
21,2008-07-27,143,Étampes,Paris,Flat stage,Gert Steegmans,BEL
P,2007-07-07,7.9,London,London,Individual time trial,Fabian Cancellara,SUI
1,2007-07-08,203,London,Canterbury,Plain stage,Robbie McEwen,AUS
2,2007-07-09,168.5,Dunkirk,Ghent,Plain stage,Gert Steegmans,BEL
3,2007-07-10,236.5,Waregem - Compiègne,Waregem - Compiègne,Plain stage,Fabian Cancellara,SUI
4,2007-07-11,193,Villers-Cotterêts,Joigny,Plain stage,Thor Hushovd,NOR
5,2007-07-12,182.5,Chablis,Autun,Intermediate stage,Filippo Pozzato,ITA
6,2007-07-13,199.5,Semur-en-Auxois,Bourg-en-Bresse,Plain stage,Tom Boonen,BEL
7,2007-07-14,197.5,Bourg-en-Bresse,Le Grand-Bornand,Mountain stage,Linus Gerdemann,GER
8,2007-07-15,165,Le Grand-Bornand,Tignes,Mountain stage,Michael Rasmussen,DEN
9,2007-07-17,159.5,Val-d'Isère,Briançon,Mountain stage,Mauricio Soler,COL
10,2007-07-18,229.5,Tallard,Marseille,Plain stage,Cédric Vasseur,FRA
11,2007-07-19,182.5,Marseille,Montpellier,Plain stage,Robert Hunter,RSA
12,2007-07-20,178.5,Montpellier,Castres,Intermediate stage,Tom Boonen,BEL
13,2007-07-21,54,Albi,Albi,Individual time trial,Cadel Evans[n 1],AUS
14,2007-07-22,197,Mazamet,Plateau-de-Beille,Mountain stage,Alberto Contador,ESP
15,2007-07-23,196,Foix,Loudenvielle,Mountain stage,Kim Kirchen[n 1],LUX
16,2007-07-25,218.5,Orthez,Gourette–Col d'Aubisque,Mountain stage,Michael Rasmussen,DEN
17,2007-07-26,188.5,Pau,Castelsarrasin,Intermediate stage,Daniele Bennati,ITA
18,2007-07-27,211,Cahors,Angoulême,Plain stage,Sandy Casar,FRA
19,2007-07-28,55.5,Cognac,Angoulême,Individual time trial,Levi Leipheimer,USA
20,2007-07-29,146,Marcoussis,Paris,Plain stage,Daniele Bennati,ITA
P,2006-07-01,7.1,Strasbourg,Strasbourg,Individual time trial,Thor Hushovd,NOR
1,2006-07-02,184.5,Strasbourg,Strasbourg,Flat stage,Jimmy Casper,FRA
2,2006-07-03,228.5,Obernai,Esch-sur-Alzette,Flat stage,Robbie McEwen,AUS
3,2006-07-04,216.5,Esch-sur-Alzette,Valkenburg,Hilly stage,Matthias Kessler,GER
4,2006-07-05,207,Huy,Saint-Quentin,Flat stage,Robbie McEwen,AUS
5,2006-07-06,225,Beauvais,Caen,Flat stage,Óscar Freire,ESP
6,2006-07-07,189,Lisieux,Vitré,Flat stage,Robbie McEwen,AUS
7,2006-07-08,52,Saint Grégoire,Rennes,Individual time trial,Serhiy Honchar,UKR
8,2006-07-09,181,Saint-Méen-le-Grand,Lorient,Flat stage,Sylvain Calzati,FRA
9,2006-07-11,169.5,Bordeaux,Dax,Flat stage,Óscar Freire,ESP
10,2006-07-12,190.5,Cambo-les-Bains,Pau,Mountain stage,Juan Miguel Mercado,ESP
11,2006-07-13,206.5,Tarbes,Val d'Aran/Pla-de-Beret,Mountain stage,Denis Menchov,RUS
12,2006-07-14,211.5,Luchon,Carcassonne,Hilly stage,Yaroslav Popovych,UKR
13,2006-07-15,230,Béziers,Montélimar,Flat stage,Jens Voigt,GER
14,2006-07-16,180.5,Montélimar,Gap,Hilly stage,Pierrick Fédrigo,FRA
15,2006-07-18,187,Gap,Alpe d'Huez,Mountain stage,Fränk Schleck,LUX
16,2006-07-19,182,Le Bourg-d'Oisans,La Toussuire,Mountain stage,Michael Rasmussen,DEN
17,2006-07-20,200.5,Saint-Jean-de-Maurienne,Morzine,Mountain stage,Carlos Sastre,ESP
18,2006-07-21,197,Morzine,Mâcon,Flat stage,Matteo Tosatto,ITA
19,2006-07-22,57,Le Creusot,Montceau-les-Mines,Individual time trial,Serhiy Honchar,UKR
20,2006-07-23,154.5,Antony/Parc de Sceaux,Paris,Flat stage,Thor Hushovd,NOR
1,2005-07-02,19,Fromentine,Noirmoutier-en-l'Île,Individual time trial,David Zabriskie,USA
2,2005-07-03,181.5,Challans,Les Essarts,Plain stage,Tom Boonen,BEL
3,2005-07-04,212.5,La Châtaigneraie,Tours,Plain stage,Tom Boonen,BEL
4,2005-07-05,67.5,Tours,Blois,Team time trial,Discovery Channel,
5,2005-07-06,183,Chambord,Montargis,Plain stage,Robbie McEwen,AUS
6,2005-07-07,199,Troyes,Nancy,Plain stage,Lorenzo Bernucci,ITA
7,2005-07-08,228.5,Lunéville,Karlsruhe,Plain stage,Robbie McEwen,AUS
8,2005-07-09,231.5,Pforzheim,Gérardmer,Hilly stage,Pieter Weening,NED
9,2005-07-10,171,Gérardmer,Mulhouse,Hilly stage,Michael Rasmussen,DEN
10,2005-07-12,177,Grenoble,Courchevel,Mountain stage,Alejandro Valverde,ESP
11,2005-07-13,173,Courchevel,Briançon,Mountain stage,Alexander Vinokourov,KAZ
12,2005-07-14,187,Briançon,Digne-les-Bains,Hilly stage,David Moncoutié,FRA
13,2005-07-15,173.5,Miramas,Montpellier,Plain stage,Robbie McEwen,AUS
14,2005-07-16,220.5,Agde,Ax 3 Domaines,Mountain stage,Georg Totschnig,AUT
15,2005-07-17,205.5,Lézat-sur-Lèze,Saint-Lary-Soulan Pla d'Adet,Mountain stage,George Hincapie,USA
16,2005-07-19,180.5,Mourenx,Pau,Mountain stage,Óscar Pereiro,ESP
17,2005-07-20,239.5,Pau,Revel,Plain stage,Paolo Savoldelli,ITA
18,2005-07-21,189,Albi,Mende,Hilly stage,Marcos Antonio Serrano,ESP
19,2005-07-22,153.5,Issoire,Le Puy-en-Velay,Hilly stage,Giuseppe Guerini,ITA
20,2005-07-23,55.5,Saint-Étienne,Saint-Étienne,Individual time trial,Lance Armstrong[n 1],USA
21,2005-07-24,144.5,Corbeil-Essonnes,Paris,Plain stage,Alexander Vinokourov,KAZ
P,2004-07-03,6.1,Liège,Liège,Individual time trial,Fabian Cancellara,SUI
1,2004-07-04,202.5,Liège,Charleroi,Plain stage,Jaan Kirsipuu,EST
2,2004-07-05,197,Charleroi,Namur,Plain stage,Robbie McEwen,AUS
3,2004-07-06,210,Waterloo,Wasquehal,Plain stage,Jean-Patrick Nazon,FRA
4,2004-07-07,64.5,Cambrai,Arras,Team time trial,U.S. Postal Service,USA
5,2004-07-08,200.5,Amiens,Chartres,Plain stage,Stuart O'Grady,AUS
6,2004-07-09,196,Bonneval,Angers,Plain stage,Tom Boonen,BEL
7,2004-07-10,204.5,Châteaubriant,Saint-Brieuc,Plain stage,Filippo Pozzato,ITA
8,2004-07-11,168,Lamballe,Quimper,Plain stage,Thor Hushovd,NOR
9,2004-07-13,160.5,Saint-Léonard-de-Noblat,Guéret,Plain stage,Robbie McEwen,AUS
10,2004-07-14,237,Limoges,Saint-Flour,Hilly stage,Richard Virenque,FRA
11,2004-07-15,164,Saint-Flour,Figeac,Hilly stage,David Moncoutié,FRA
12,2004-07-16,197.5,Castelsarrasin,La Mongie,Mountain stage,Ivan Basso,ITA
13,2004-07-17,205.5,Lannemezan,Plateau de Beille,Mountain stage,Lance Armstrong[n 1],USA
14,2004-07-18,192.5,Carcassonne,Nîmes,Plain stage,Aitor González,ESP
15,2004-07-20,180.5,Valréas,Villard-de-Lans,Mountain stage,Lance Armstrong[n 1],USA
16,2004-07-21,15.5,Le Bourg-d'Oisans,Alpe d'Huez,Individual time trial,Lance Armstrong[n 1],USA
17,2004-07-22,204.5,Le Bourg-d'Oisans,Le Grand-Bornand,Mountain stage,Lance Armstrong[n 1],USA
18,2004-07-23,166.5,Annemasse,Lons-le-Saunier,Hilly stage,Juan Miguel Mercado,ESP
19,2004-07-24,55,Besançon,Besançon,Individual time trial,Lance Armstrong[n 1],USA
20,2004-07-25,163,Montereau-Fault-Yonne,Paris,Plain stage,Tom Boonen,BEL
P,2003-07-05,6.5,Paris,Paris,Individual time trial,Bradley McGee,AUS
1,2003-07-06,168,Saint-Denis,Meaux,Plain stage,Alessandro Petacchi,ITA
2,2003-07-07,204.5,La Ferté-sous-Jouarre,Sedan,Plain stage,Baden Cooke,AUS
3,2003-07-08,167.5,Charleville-Mézières,Saint-Dizier,Plain stage,Alessandro Petacchi,ITA
4,2003-07-09,69,Joinville,Saint-Dizier,Team time trial,U.S. Postal Service,USA
5,2003-07-10,196.5,Troyes,Nevers,Plain stage,Alessandro Petacchi,ITA
6,2003-07-11,230,Nevers,Lyon,Plain stage,Alessandro Petacchi,ITA
7,2003-07-12,230.5,Lyon,Morzine,Stage with mountain(s),Richard Virenque,FRA
8,2003-07-13,219,Sallanches,Alpe d'Huez,Stage with mountain(s),Iban Mayo,ESP
9,2003-07-14,184.5,Le Bourg-d'Oisans,Gap,Stage with mountain(s),Alexander Vinokourov,KAZ
10,2003-07-15,219.5,Gap,Marseille,Plain stage,Jakob Piil,DEN
11,2003-07-17,153.5,Narbonne,Toulouse,Plain stage,Juan Antonio Flecha,ESP
12,2003-07-18,47,Gaillac,Cap Découverte,Individual time trial,Jan Ullrich,GER
13,2003-07-19,197.5,Toulouse,Ax 3 Domaines,Stage with mountain(s),Carlos Sastre,ESP
14,2003-07-20,191.5,Saint-Girons,Loudenvielle,Stage with mountain(s),Gilberto Simoni,ITA
15,2003-07-21,159.5,Bagnères-de-Bigorre,Luz Ardiden,Stage with mountain(s),Lance Armstrong[n 1],USA
16,2003-07-23,197.5,Pau,Bayonne,Stage with mountain(s),Tyler Hamilton,USA
17,2003-07-24,181,Dax,Bordeaux,Plain stage,Servais Knaven,NED
18,2003-07-25,203.5,Bordeaux,Saint-Maixent-l'École,Plain stage,Pablo Lastras,ESP
19,2003-07-26,49,Pornic,Nantes,Individual time trial,David Millar,GBR
20,2003-07-27,152,Ville-d'Avray,Paris,Plain stage,Jean-Patrick Nazon,FRA
P,2002-07-06,7,Luxembourg City,Luxembourg City,Individual time trial,Lance Armstrong[n 1],USA
1,2002-07-07,192.5,Luxembourg City,Luxembourg City,Plain stage,Rubens Bertogliati,SUI
2,2002-07-08,181,Luxembourg City,Saarbrücken,Plain stage,Óscar Freire,ESP
3,2002-07-09,174.5,Metz,Reims,Plain stage,Robbie McEwen,AUS
4,2002-07-10,67.5,Épernay,Château-Thierry,Team time trial,ONCE–Eroski,
5,2002-07-11,195,Soissons,Rouen,Plain stage,Jaan Kirsipuu,EST
6,2002-07-12,199.5,Forges-les-Eaux,Alençon,Plain stage,Erik Zabel,GER
7,2002-07-13,176,Bagnoles-de-l'Orne,Avranches,Plain stage,Bradley McGee,AUS
8,2002-07-14,217.5,Saint-Martin-de-Landelles,Plouay,Plain stage,Karsten Kroon,NED
9,2002-07-15,52,Lanester,Lorient,Individual time trial,Santiago Botero,COL
10,2002-07-17,147,Bazas,Pau,Plain stage,Patrice Halgand,FRA
11,2002-07-18,158,Pau,La Mongie,Stage with mountain(s),Lance Armstrong[n 1],USA
12,2002-07-19,199.5,Lannemezan,Plateau de Beille,Stage with mountain(s),Lance Armstrong[n 1],USA
13,2002-07-20,171,Lavelanet,Béziers,Plain stage,David Millar,GBR
14,2002-07-21,221,Lodève,Mont Ventoux,Stage with mountain(s),Richard Virenque,FRA
15,2002-07-23,226.5,Vaison-la-Romaine,Les Deux Alpes,Hilly stage,Santiago Botero,COL
16,2002-07-24,179.5,Les Deux Alpes,La Plagne,Stage with mountain(s),Michael Boogerd,NED
17,2002-07-25,142,Aime,Cluses,Stage with mountain(s),Dario Frigo,ITA
18,2002-07-26,176.5,Cluses,Bourg-en-Bresse,Hilly stage,Thor Hushovd,NOR
19,2002-07-27,50,Régnié-Durette,Mâcon,Individual time trial,Lance Armstrong[n 1],USA
20,2002-07-28,144,Melun,Paris,Plain stage,Robbie McEwen,AUS
P,2001-07-07,8.2,Dunkirk,Dunkirk,Individual time trial,Christophe Moreau,FRA
1,2001-07-08,194.5,Saint-Omer,Boulogne-sur-Mer,Plain stage,Erik Zabel,GER
2,2001-07-09,220.5,Calais,Antwerp,Plain stage,Marc Wauters,BEL
3,2001-07-10,198.5,Antwerp,Seraing,Plain stage,Erik Zabel,GER
4,2001-07-11,215,Huy,Verdun,Plain stage,Laurent Jalabert,FRA
5,2001-07-12,67,Verdun,Bar-le-Duc,Team time trial,Crédit Agricole,
6,2001-07-13,211.5,Commercy,Strasbourg,Plain stage,Jaan Kirsipuu,EST
7,2001-07-14,162.5,Strasbourg,Colmar,Hilly stage,Laurent Jalabert,FRA
8,2001-07-15,222.5,Colmar,Pontarlier,Plain stage,Erik Dekker,NED
9,2001-07-16,185,Pontarlier,Aix-les-Bains,Plain stage,Serguei Ivanov,RUS
10,2001-07-17,209,Aix-les-Bains,Alpe d'Huez,Stage with mountain(s),Lance Armstrong[n 1],USA
11,2001-07-18,32,Grenoble,Chamrousse,Individual time trial,Lance Armstrong[n 1],USA
12,2001-07-20,166.5,Perpignan,Plateau de Bonascre,Stage with mountain(s),Félix Cárdenas,COL
13,2001-07-21,194,Foix,Saint-Lary-Soulan Pla d'Adet,Stage with mountain(s),Lance Armstrong[n 1],USA
14,2001-07-22,141.5,Tarbes,Luz Ardiden,Stage with mountain(s),Roberto Laiseka,ESP
15,2001-07-24,232.5,Pau,Lavaur,Plain stage,Rik Verbrugghe,BEL
16,2001-07-25,229.5,Castelsarrasin,Sarran,Plain stage,Jens Voigt,GER
17,2001-07-26,194,Brive-la-Gaillarde,Montluçon,Plain stage,Serge Baguet,BEL
18,2001-07-27,61,Montluçon,Saint-Amand-Montrond,Individual time trial,Lance Armstrong[n 1],USA
19,2001-07-28,149.5,Orléans,Évry,Plain stage,Erik Zabel,GER
20,2001-07-29,160.5,Corbeil-Essonnes,Paris,Plain stage,Ján Svorada,CZE
1,2000-07-01,16.5,Futuroscope,Futuroscope,Individual time trial,David Millar,GBR
2,2000-07-02,194,Futuroscope,Loudun,Plain stage,Tom Steels,BEL
3,2000-07-03,161.5,Loudun,Nantes,Plain stage,Tom Steels,BEL
4,2000-07-04,70,Nantes,Saint-Nazaire,Team time trial,ONCE–Deutsche Bank,
5,2000-07-05,202,Vannes,Vitré,Plain stage,Marcel Wüst,GER
6,2000-07-06,198.5,Vitré,Tours,Plain stage,Leon van Bon,NED
7,2000-07-07,205.5,Tours,Limoges,Plain stage,Christophe Agnolutto,FRA
8,2000-07-08,203.5,Limoges,Villeneuve-sur-Lot,Plain stage,Erik Dekker,NED
9,2000-07-09,181,Agen,Dax,Plain stage,Paolo Bettini,ITA
10,2000-07-10,205,Dax,Hautacam,Stage with mountain(s),Javier Otxoa,ESP
11,2000-07-11,218.5,Bagnères-de-Bigorre,Revel,Hilly stage,Erik Dekker,NED
12,2000-07-13,149,Carpentras,Mont Ventoux,Stage with mountain(s),Marco Pantani,ITA
13,2000-07-14,185.5,Avignon,Draguignan,Plain stage,José Vicente Garcia,ESP
14,2000-07-15,249.5,Draguignan,Briançon,Stage with mountain(s),Santiago Botero,COL
15,2000-07-16,173.5,Briançon,Courchevel,Stage with mountain(s),Marco Pantani,ITA
16,2000-07-18,196.5,Courchevel,Morzine,Stage with mountain(s),Richard Virenque,FRA
17,2000-07-19,155,Évian-les-Bains,Lausanne,Hilly stage,Erik Dekker,NED
18,2000-07-20,246.5,Lausanne,Freiburg,Plain stage,Salvatore Commesso,ITA
19,2000-07-21,58.5,Freiburg,Mulhouse,Individual time trial,Lance Armstrong[n 1],USA
20,2000-07-22,254.5,Belfort,Troyes,Plain stage,Erik Zabel,GER
21,2000-07-23,138,Paris,Paris,Plain stage,Stefano Zanini,ITA
P,1999-07-03,6.8,Le Puy du Fou,Le Puy du Fou,Individual time trial,Lance Armstrong[n 1],USA
1,1999-07-04,208,Montaigu,Challans,Plain stage,Jaan Kirsipuu,EST
2,1999-07-05,176,Challans,Saint-Nazaire,Plain stage,Tom Steels,BEL
3,1999-07-06,194.5,Nantes,Laval,Plain stage,Tom Steels,BEL
4,1999-07-07,194.5,Laval,Blois,Plain stage,Mario Cipollini,ITA
5,1999-07-08,233.5,Bonneval,Amiens,Plain stage,Mario Cipollini,ITA
6,1999-07-09,171.5,Amiens,Maubeuge,Plain stage,Mario Cipollini,ITA
7,1999-07-10,227,Avesnes-sur-Helpe,Thionville,Plain stage,Mario Cipollini,ITA
8,1999-07-11,56.5,Metz,Metz,Individual time trial,Lance Armstrong[n 1],USA
9,1999-07-13,213.5,Le Grand-Bornand,Sestrières,Stage with mountain(s),Lance Armstrong[n 1],USA
10,1999-07-14,220.5,Sestrières,Alpe d'Huez,Stage with mountain(s),Giuseppe Guerini,ITA
11,1999-07-15,198.5,Le Bourg-d'Oisans,Saint-Étienne,Hilly stage,Ludo Dierckxsens,BEL
12,1999-07-16,201.5,Saint-Galmier,Saint-Flour,Hilly stage,David Etxebarria,ESP
13,1999-07-17,236.5,Saint-Flour,Albi,Hilly stage,Salvatore Commesso,ITA
14,1999-07-18,199,Castres,Saint-Gaudens,Plain stage,Dmitri Konychev,RUS
15,1999-07-20,173,Saint-Gaudens,Piau-Engaly,Stage with mountain(s),Fernando Escartín,ESP
16,1999-07-21,192,Lannemezan,Pau,Stage with mountain(s),David Etxebarria,ESP
17,1999-07-22,200,Mourenx,Bordeaux,Plain stage,Tom Steels,BEL
18,1999-07-23,187.5,Jonzac,Futuroscope,Plain stage,Giampaolo Mondini,ITA
19,1999-07-24,57,Futuroscope,Futuroscope,Individual time trial,Lance Armstrong[n 1],USA
20,1999-07-25,143.5,Arpajon,Paris,Plain stage,Robbie McEwen,AUS
P,1998-07-11,5.6,Dublin,Dublin,Individual time trial,Chris Boardman,GBR
1,1998-07-12,180.5,Dublin,Dublin,Plain stage,Tom Steels,BEL
2,1998-07-13,205.5,Enniscorthy,Cork,Plain stage,Ján Svorada,CZE
3,1998-07-14,169,Roscoff,Lorient,Plain stage,Jens Heppner,GER
4,1998-07-15,252,Plouay,Cholet,Plain stage,Jeroen Blijlevens,NED
5,1998-07-16,228.5,Cholet,Châteauroux,Plain stage,Mario Cipollini,ITA
6,1998-07-17,204.5,La Châtre,Brive-la-Gaillarde,Plain stage,Mario Cipollini,ITA
7,1998-07-18,58,Meyrignac-l'Église,Corrèze,Individual time trial,Jan Ullrich,GER
8,1998-07-19,190.5,Brive-la-Gaillarde,Montauban,Plain stage,Jacky Durand,FRA
9,1998-07-20,210,Montauban,Pau,Plain stage,Leon van Bon,NED
10,1998-07-21,196.5,Pau,Luchon,Stage with mountain(s),Rodolfo Massi,ITA
11,1998-07-22,170,Luchon,Plateau de Beille,Stage with mountain(s),Marco Pantani,ITA
12,1998-07-24,222,Tarascon-sur-Ariège,Le Cap d'Agde,Plain stage,Tom Steels,BEL
13,1998-07-25,196,Frontignan la Peyrade,Carpentras,Plain stage,Daniele Nardello,ITA
14,1998-07-26,186.5,Valréas,Grenoble,Hilly stage,Stuart O'Grady,AUS
15,1998-07-27,189,Grenoble,Les Deux Alpes,Stage with mountain(s),Marco Pantani,ITA
16,1998-07-28,204,Vizille,Albertville,Stage with mountain(s),Jan Ullrich,GER
17,1998-07-29,149,Albertville,Aix-les-Bains,Stage with mountain(s),—,
18,1998-07-30,218.5,Aix-les-Bains,Neuchâtel,Hilly stage,Tom Steels,BEL
19,1998-07-31,242,La Chaux-de-Fonds,Autun,Plain stage,Magnus Bäckstedt,SWE
20,1998-08-01,52,Montceau-les-Mines,Le Creusot,Individual time trial,Jan Ullrich,GER
21,1998-08-02,147.5,Melun,Paris,Plain stage,Tom Steels,BEL
P,1997-07-05,7.3,Rouen,Rouen,Individual time trial,Chris Boardman,GBR
1,1997-07-06,192,Rouen,Forges-les-Eaux,Flat stage,Mario Cipollini,ITA
2,1997-07-07,262,Saint-Valery-en-Caux,Vire,Flat stage,Mario Cipollini,ITA
3,1997-07-08,224,Vire,Plumelec,Flat stage,Erik Zabel,GER
4,1997-07-09,223,Plumelec,Le Puy du Fou,Flat stage,Nicola Minali,ITA
5,1997-07-10,261.5,Chantonnay,La Châtre,Flat stage,Cédric Vasseur,FRA
6,1997-07-11,217.5,Le Blanc,Marennes,Flat stage,Jeroen Blijlevens,NED
7,1997-07-12,194,Marennes,Bordeaux,Flat stage,Erik Zabel,GER
8,1997-07-13,161.5,Sauternes,Pau,Flat stage,Erik Zabel,GER
9,1997-07-14,182,Pau,Loudenvielle,Mountain stage,Laurent Brochard,FRA
10,1997-07-15,252.5,Luchon,Andorra Arcalis,Mountain stage,Jan Ullrich,GER
11,1997-07-16,192,Andorra Arcalis,Perpignan,Hilly stage,Laurent Desbiens,FRA
12,1997-07-18,55,Saint-Étienne,Saint-Étienne,Individual time trial,Jan Ullrich,GER
13,1997-07-19,203.5,Saint-Étienne,Alpe d'Huez,Mountain stage,Marco Pantani,ITA
14,1997-07-20,148,Le Bourg-d'Oisans,Courchevel,Mountain stage,Richard Virenque,FRA
15,1997-07-21,208.5,Courchevel,Morzine,Mountain stage,Marco Pantani,ITA
16,1997-07-22,181,Morzine,Fribourg,Hilly stage,Christophe Mengin,FRA
17,1997-07-23,218.5,Fribourg,Colmar,Flat stage,Neil Stephens,AUS
18,1997-07-24,175.5,Colmar,Montbéliard,Hilly stage,Didier Rous,FRA
19,1997-07-25,172,Montbéliard,Dijon,Flat stage,Mario Traversoni,ITA
20,1997-07-26,63,Disneyland Paris,Disneyland Paris,Individual time trial,Abraham Olano,ESP
21,1997-07-27,149.5,Disneyland Paris,Paris,Flat stage,Nicola Minali,ITA
P,1996-06-29,9.4,'s-Hertogenbosch,'s-Hertogenbosch,Individual time trial,Alex Zülle,SUI
1,1996-06-30,209,'s-Hertogenbosch,'s-Hertogenbosch,Plain stage,Frédéric Moncassin,FRA
2,1996-07-01,247.5,'s-Hertogenbosch,Wasquehal,Plain stage,Mario Cipollini,ITA
3,1996-07-02,195,Wasquehal,Nogent-sur-Oise,Plain stage,Erik Zabel,GER
4,1996-07-03,232,Soissons,Lac de Madine,Plain stage,Cyril Saugrain,FRA
5,1996-07-04,242,Lac de Madine,Besançon,Plain stage,Jeroen Blijlevens,NED
6,1996-07-05,207,Arc-et-Senans,Aix-les-Bains,Hilly stage,Michael Boogerd,NED
7,1996-07-06,200,Chambéry,Les Arcs,Stage with mountain(s),Luc Leblanc,FRA
8,1996-07-07,30.5,Bourg-Saint-Maurice,Val d'Isère,Individual time trial,Evgueni Berzin,RUS
9,1996-07-08,46,Le Monêtier-les-Bains,Sestriere,Stage with mountain(s),Bjarne Riis,DEN
10,1996-07-09,208.5,Turin,Gap,Hilly stage,Erik Zabel,GER
11,1996-07-11,202,Gap,Valence,Hilly stage,José Jaime Gonzalez,COL
12,1996-07-12,143.5,Valence,Le Puy-en-Velay,Hilly stage,Pascal Richard,SUI
13,1996-07-13,177,Le Puy-en-Velay,Super Besse,Hilly stage,Rolf Sørensen,DEN
14,1996-07-14,186.5,Besse,Tulle,Hilly stage,Djamolidine Abduzhaparov,UZB
15,1996-07-15,176,Brive-la-Gaillarde,Villeneuve-sur-Lot,Plain stage,Massimo Podenzana,ITA
16,1996-07-16,199,Agen,Hautacam,Stage with mountain(s),Bjarne Riis,DEN
17,1996-07-17,262,Argelès-Gazost,Pamplona,Stage with mountain(s),Laurent Dufaux,SUI
18,1996-07-18,154.5,Pamplona,Hendaye,Hilly stage,Bart Voskamp,NED
19,1996-07-19,226.5,Hendaye,Bordeaux,Plain stage,Frédéric Moncassin,FRA
20,1996-07-20,63.5,Bordeaux,Saint-Émilion,Individual time trial,Jan Ullrich,GER
21,1996-07-21,147.5,Palaiseau,Paris,Plain stage,Fabio Baldato,ITA
P,1995-07-01,7.3,Saint-Brieuc,Saint-Brieuc,Individual time trial,Jacky Durand,FRA
1,1995-07-02,233.5,Dinan,Lannion,Plain stage,Fabio Baldato,ITA
2,1995-07-03,235.5,Perros-Guirec,Vitre,Plain stage,Mario Cipollini,ITA
3,1995-07-04,67,Mayenne,Alençon,Team time trial,Gewiss–Ballan,
4,1995-07-05,162,Alençon,Le Havre,Plain stage,Mario Cipollini,ITA
5,1995-07-06,261,Fécamp,Dunkirk,Plain stage,Jeroen Blijlevens,NED
6,1995-07-07,202,Dunkirk,Charleroi,Plain stage,Erik Zabel,GER
7,1995-07-08,203,Charleroi,Liège,Hilly stage,Johan Bruyneel,BEL
8,1995-07-09,54,Huy,Seraing,Individual time trial,Miguel Indurain,ESP
9,1995-07-11,160,Le Grand-Bornand,La Plagne,Stage with mountain(s),Alex Zülle,SUI
10,1995-07-12,162.5,La Plagne,L'Alpe d'Huez,Stage with mountain(s),Marco Pantani,ITA
11,1995-07-13,199,Le Bourg-d'Oisans,Saint-Étienne,Hilly stage,Maximilian Sciandri,GBR
12,1995-07-14,222.5,Saint-Étienne,Mende,Hilly stage,Laurent Jalabert,FRA
13,1995-07-15,245,Mende,Revel,Plain stage,Serhiy Utchakov,UKR
14,1995-07-16,164,Saint-Orens-de-Gameville,Guzet-Neige,Stage with mountain(s),Marco Pantani,ITA
15,1995-07-18,206,Saint-Girons,Cauterets,Stage with mountain(s),Richard Virenque,FRA
16,1995-07-19,149,Tarbes,Pau,Stage with mountain(s),Cancelled,
17,1995-07-20,246,Pau,Bordeaux,Plain stage,Erik Zabel,GER
18,1995-07-21,166.5,Montpon-Ménestérol,Limoges,Plain stage,Lance Armstrong,USA
19,1995-07-22,46.5,Lac de Vassivière,Lac de Vassivière,Individual time trial,Miguel Indurain,ESP
20,1995-07-23,155,Sainte-Geneviève-des-Bois,Paris,Plain stage,Djamolidine Abdoujaparov,UZB
P,1994-07-02,7.2,Lille,Lille,Individual time trial,Chris Boardman,GBR
1,1994-07-03,234,Lille,Armentières,Plain stage,Djamolidine Abdoujaparov,UZB
2,1994-07-04,203.5,Roubaix,Boulogne-sur-Mer,Plain stage,Jean-Paul van Poppel,NED
3,1994-07-05,66.5,Calais,Eurotunnel,Team time trial,GB–MG Maglificio,
4,1994-07-06,204.5,Dover, Brighton,Plain stage,Francisco Cabello,ESP
5,1994-07-07,187,Portsmouth,Portsmouth,Plain stage,Nicola Minali,ITA
6,1994-07-08,270.5,Cherbourg,Rennes,Plain stage,Gianluca Bortolami,ITA
7,1994-07-09,259.5,Rennes,Futuroscope,Plain stage,Ján Svorada,SVK
8,1994-07-10,218.5,Poitiers,Trélissac,Plain stage,Bo Hamburger,DEN
9,1994-07-11,64,Périgueux,Bergerac,Individual time trial,Miguel Indurain,ESP
10,1994-07-12,160.5,Bergerac,Cahors,Plain stage,Jacky Durand,FRA
11,1994-07-13,263.5,Cahors,Hautacam,Stage with mountain(s),Luc Leblanc,FRA
12,1994-07-15,204.5,Lourdes,Luz Ardiden,Stage with mountain(s),Richard Virenque,FRA
13,1994-07-16,223,Bagnères-de-Bigorre,Albi,Plain stage,Bjarne Riis,DEN
14,1994-07-17,202,Castres,Montpellier,Plain stage,Rolf Sørensen,DEN
15,1994-07-18,231,Montpellier,Carpentras,Stage with mountain(s),Eros Poli,ITA
16,1994-07-19,224.5,Valréas,Alpe d'Huez,Stage with mountain(s),Roberto Conti,ITA
17,1994-07-20,149,Le Bourg-d'Oisans,Val Thorens,Stage with mountain(s),Nelson Rodriguez,COL
18,1994-07-21,174.5,Moutiers,Cluses,Stage with mountain(s),Piotr Ugrumov,LAT
19,1994-07-22,47.5,Cluses,Avoriaz,Mountain time trial,Piotr Ugrumov,LAT
20,1994-07-23,208.5,Morzine,Lac Saint-Point,Hilly stage,Djamolidine Abdoujaparov,UZB
21,1994-07-24,175,Disneyland Paris,Paris,Plain stage,Eddy Seigneur,FRA
